{"cameraMode":{"drawMode":0,"name":"Shaded","section":"Shading Mode"},"sceneLighting":false,"audioPlay":false,"sceneViewState":{"showFog":true,"showMaterialUpdate":false,"showSkybox":true,"showFlares":true,"showImageEffects":true,"showParticleSystems":true},"in2DMode":false,"pivot":{"x":8.494199752807618,"y":2.5212759971618654,"z":4.50100040435791},"rotation":{"x":-0.5239213109016419,"y":0.048828013241291049,"z":-0.030115600675344468,"w":-0.8498325347900391},"size":4.201292037963867,"orthographic":false}