{"cameraMode":{"drawMode":0,"name":"Shaded","section":"Shading Mode"},"sceneLighting":true,"audioPlay":false,"sceneViewState":{"showFog":true,"showMaterialUpdate":false,"showSkybox":true,"showFlares":true,"showImageEffects":true,"showParticleSystems":true},"in2DMode":false,"pivot":{"x":0.8749784231185913,"y":5.219036102294922,"z":14.457613945007325},"rotation":{"x":-0.34931111335754397,"y":-0.3373575508594513,"z":0.136464923620224,"w":-0.8634517788887024},"size":9.121171951293946,"orthographic":false}