{"cameraMode":{"drawMode":0,"name":"Shaded","section":"Shading Mode"},"sceneLighting":false,"audioPlay":false,"sceneViewState":{"showFog":true,"showMaterialUpdate":false,"showSkybox":true,"showFlares":true,"showImageEffects":true,"showParticleSystems":true},"in2DMode":false,"pivot":{"x":0.0000010728836059570313,"y":0.1658911406993866,"z":0.0000012218952178955079},"rotation":{"x":0.33342042565345766,"y":0.569938063621521,"z":-0.2713596820831299,"w":0.7002609372138977},"size":1.6419092416763306,"orthographic":false}