{"cameraMode":{"drawMode":0,"name":"Shaded","section":"Shading Mode"},"sceneLighting":false,"audioPlay":false,"sceneViewState":{"showFog":true,"showMaterialUpdate":false,"showSkybox":true,"showFlares":true,"showImageEffects":true,"showParticleSystems":true},"in2DMode":false,"pivot":{"x":3.4021923542022707,"y":0.7959280014038086,"z":3.245516538619995},"rotation":{"x":0.40411582589149477,"y":0.5914134979248047,"z":-0.44389864802360537,"w":0.5383999943733215},"size":2.8578836917877199,"orthographic":false}