{"cameraMode":{"drawMode":0,"name":"Shaded","section":"Shading Mode"},"sceneLighting":false,"audioPlay":false,"sceneViewState":{"showFog":true,"showMaterialUpdate":false,"showSkybox":true,"showFlares":true,"showImageEffects":true,"showParticleSystems":true},"in2DMode":false,"pivot":{"x":0.2740245759487152,"y":0.8893352746963501,"z":0.600315272808075},"rotation":{"x":0.000377987656975165,"y":0.9907044768333435,"z":-0.13599534332752229,"w":0.0031370334327220918},"size":2.4495348930358888,"orthographic":false}