{"cameraMode":{"drawMode":0,"name":"Shaded","section":"Shading Mode"},"sceneLighting":false,"audioPlay":false,"sceneViewState":{"showFog":true,"showMaterialUpdate":false,"showSkybox":true,"showFlares":true,"showImageEffects":true,"showParticleSystems":true},"in2DMode":false,"pivot":{"x":-14.995285034179688,"y":0.1939355581998825,"z":15.126102447509766},"rotation":{"x":0.45261192321777346,"y":0.09890928119421005,"z":-0.05059479922056198,"w":0.8847596049308777},"size":70.00723266601563,"orthographic":false}