{"cameraMode":{"drawMode":0,"name":"Shaded","section":"Shading Mode"},"sceneLighting":false,"audioPlay":false,"sceneViewState":{"showFog":true,"showMaterialUpdate":false,"showSkybox":true,"showFlares":true,"showImageEffects":true,"showParticleSystems":true},"in2DMode":false,"pivot":{"x":802.0936279296875,"y":307.2455139160156,"z":-213.697021484375},"rotation":{"x":-0.3802666664123535,"y":0.06253306567668915,"z":0.025792811065912248,"w":0.9223999381065369},"size":824.7844848632813,"orthographic":false}