{"cameraMode":{"drawMode":0,"name":"Shaded","section":"Shading Mode"},"sceneLighting":false,"audioPlay":false,"sceneViewState":{"showFog":true,"showMaterialUpdate":false,"showSkybox":true,"showFlares":true,"showImageEffects":true,"showParticleSystems":true},"in2DMode":false,"pivot":{"x":-0.04317222535610199,"y":-0.11450672149658203,"z":-3.945652961730957},"rotation":{"x":0.0019712625071406366,"y":0.9855393171310425,"z":-0.16904662549495698,"w":0.011474755592644215},"size":5.909149169921875,"orthographic":false}