{"cameraMode":{"drawMode":0,"name":"Shaded","section":"Shading Mode"},"sceneLighting":true,"audioPlay":false,"sceneViewState":{"showFog":true,"showMaterialUpdate":false,"showSkybox":true,"showFlares":true,"showImageEffects":true,"showParticleSystems":true},"in2DMode":false,"pivot":{"x":46.14019012451172,"y":5.011485576629639,"z":49.013675689697269},"rotation":{"x":0.019109860062599183,"y":-0.9527947306632996,"z":0.2967284023761749,"w":0.06139465421438217},"size":9.121171951293946,"orthographic":false}