{"cameraMode":{"drawMode":0,"name":"Shaded","section":"Shading Mode"},"sceneLighting":false,"audioPlay":false,"sceneViewState":{"showFog":true,"showMaterialUpdate":false,"showSkybox":true,"showFlares":true,"showImageEffects":true,"showParticleSystems":true},"in2DMode":false,"pivot":{"x":0.13021188974380494,"y":0.7126152515411377,"z":-0.03561583161354065},"rotation":{"x":-0.48304471373558047,"y":0.3557801842689514,"z":-0.22374266386032105,"w":-0.7681324481964111},"size":1.5701663494110108,"orthographic":false}