{"cameraMode":{"drawMode":0,"name":"Shaded","section":"Shading Mode"},"sceneLighting":false,"audioPlay":false,"sceneViewState":{"showFog":true,"showMaterialUpdate":false,"showSkybox":true,"showFlares":true,"showImageEffects":true,"showParticleSystems":true},"in2DMode":false,"pivot":{"x":459.0631408691406,"y":517.9808349609375,"z":-20.1339111328125},"rotation":{"x":0.11396301537752152,"y":0.04500211775302887,"z":-0.00516850408166647,"w":0.9924517869949341},"size":1138.938720703125,"orthographic":false}