{"cameraMode":{"drawMode":0,"name":"Shaded","section":"Shading Mode"},"sceneLighting":false,"audioPlay":false,"sceneViewState":{"showFog":true,"showMaterialUpdate":false,"showSkybox":true,"showFlares":true,"showImageEffects":true,"showParticleSystems":true},"in2DMode":false,"pivot":{"x":10.0,"y":2.325557231903076,"z":3.999999761581421},"rotation":{"x":0.5298061370849609,"y":0.0044402265921235088,"z":-0.0027641532942652704,"w":0.8481026887893677},"size":5.0721001625061039,"orthographic":false}