{"cameraMode":{"drawMode":0,"name":"Shaded","section":"Shading Mode"},"sceneLighting":false,"audioPlay":false,"sceneViewState":{"showFog":true,"showMaterialUpdate":false,"showSkybox":true,"showFlares":true,"showImageEffects":true,"showParticleSystems":true},"in2DMode":false,"pivot":{"x":-0.3980505168437958,"y":0.8741579055786133,"z":-0.9414749145507813},"rotation":{"x":-0.007468859199434519,"y":0.8496161103248596,"z":-0.5272111296653748,"w":-0.012044694274663926},"size":4.709727764129639,"orthographic":false}