{"cameraMode":{"drawMode":0,"name":"Shaded","section":"Shading Mode"},"sceneLighting":false,"audioPlay":false,"sceneViewState":{"showFog":true,"showMaterialUpdate":false,"showSkybox":true,"showFlares":true,"showImageEffects":true,"showParticleSystems":true},"in2DMode":false,"pivot":{"x":987.2900390625,"y":441.3446044921875,"z":-79.85107421875},"rotation":{"x":-0.25098782777786257,"y":0.02816127799451351,"z":-0.007305154111236334,"w":-0.9675529599189758},"size":641.5404663085938,"orthographic":false}