{"cameraMode":{"drawMode":0,"name":"Shaded","section":"Shading Mode"},"sceneLighting":false,"audioPlay":false,"sceneViewState":{"showFog":true,"showMaterialUpdate":false,"showSkybox":true,"showFlares":true,"showImageEffects":true,"showParticleSystems":true},"in2DMode":false,"pivot":{"x":8.449503898620606,"y":2.517742156982422,"z":4.491000175476074},"rotation":{"x":-0.3576817512512207,"y":-0.05561423301696777,"z":0.021332362666726114,"w":-0.9319419860839844},"size":4.383519172668457,"orthographic":false}