{"cameraMode":{"drawMode":0,"name":"Shaded","section":"Shading Mode"},"sceneLighting":false,"audioPlay":false,"sceneViewState":{"showFog":true,"showMaterialUpdate":false,"showSkybox":true,"showFlares":true,"showImageEffects":true,"showParticleSystems":true},"in2DMode":false,"pivot":{"x":374.8538818359375,"y":480.49603271484377,"z":39.7978515625},"rotation":{"x":0.08271405100822449,"y":-0.02210875041782856,"z":0.0018345299176871777,"w":0.9963263869285584},"size":2590.2216796875,"orthographic":false}