{"cameraMode":{"drawMode":0,"name":"Shaded","section":"Shading Mode"},"sceneLighting":false,"audioPlay":false,"sceneViewState":{"showFog":true,"showMaterialUpdate":false,"showSkybox":true,"showFlares":true,"showImageEffects":true,"showParticleSystems":true},"in2DMode":false,"pivot":{"x":1.456669569015503,"y":-0.2930046617984772,"z":-0.19665119051933289},"rotation":{"x":0.3316671550273895,"y":0.14733751118183137,"z":-0.05251413956284523,"w":0.9303391575813294},"size":6.014756679534912,"orthographic":false}