{"cameraMode":{"drawMode":0,"name":"Shaded","section":"Shading Mode"},"sceneLighting":false,"audioPlay":false,"sceneViewState":{"showFog":true,"showMaterialUpdate":false,"showSkybox":true,"showFlares":true,"showImageEffects":true,"showParticleSystems":true},"in2DMode":false,"pivot":{"x":0.0000011920928955078126,"y":0.500003457069397,"z":5.960464477539063e-8},"rotation":{"x":0.18609309196472169,"y":0.692774772644043,"z":-0.6696031093597412,"w":0.19252067804336549},"size":2.8578836917877199,"orthographic":false}