{"cameraMode":{"drawMode":0,"name":"Shaded","section":"Shading Mode"},"sceneLighting":false,"audioPlay":false,"sceneViewState":{"showFog":true,"showMaterialUpdate":false,"showSkybox":true,"showFlares":true,"showImageEffects":true,"showParticleSystems":true},"in2DMode":false,"pivot":{"x":1455.292724609375,"y":274.926025390625,"z":-3.24658203125},"rotation":{"x":-0.025127720087766649,"y":0.06624139845371247,"z":0.0016688795294612647,"w":0.9974858164787293},"size":1659.2373046875,"orthographic":false}