{"cameraMode":{"drawMode":0,"name":"Shaded","section":"Shading Mode"},"sceneLighting":false,"audioPlay":false,"sceneViewState":{"showFog":true,"showMaterialUpdate":false,"showSkybox":true,"showFlares":true,"showImageEffects":true,"showParticleSystems":true},"in2DMode":false,"pivot":{"x":-0.025450408458709718,"y":-0.15677744150161744,"z":0.16671425104141236},"rotation":{"x":0.5157142877578735,"y":0.010911048389971257,"z":-0.006558577995747328,"w":0.856666088104248},"size":3.223081588745117,"orthographic":false}