{"cameraMode":{"drawMode":0,"name":"Shaded","section":"Shading Mode"},"sceneLighting":false,"audioPlay":false,"sceneViewState":{"showFog":true,"showMaterialUpdate":false,"showSkybox":true,"showFlares":true,"showImageEffects":true,"showParticleSystems":true},"in2DMode":false,"pivot":{"x":-1.1920928955078126e-7,"y":-0.12209193408489227,"z":0.0},"rotation":{"x":0.5157142877578735,"y":0.010911048389971257,"z":-0.006558577995747328,"w":0.856666088104248},"size":4.709727764129639,"orthographic":false}