{"cameraMode":{"drawMode":0,"name":"Shaded","section":"Shading Mode"},"sceneLighting":false,"audioPlay":false,"sceneViewState":{"showFog":true,"showMaterialUpdate":false,"showSkybox":true,"showFlares":true,"showImageEffects":true,"showParticleSystems":true},"in2DMode":false,"pivot":{"x":2.384185791015625e-7,"y":3.3138926029205324,"z":-4.76837158203125e-7},"rotation":{"x":-0.32963183522224429,"y":0.6012294292449951,"z":-0.29852035641670229,"w":-0.6638913154602051},"size":12.680248260498047,"orthographic":false}