{"cameraMode":{"drawMode":0,"name":"Shaded","section":"Shading Mode"},"sceneLighting":true,"audioPlay":false,"sceneViewState":{"showFog":true,"showMaterialUpdate":true,"showSkybox":true,"showFlares":true,"showImageEffects":true,"showParticleSystems":true},"in2DMode":false,"pivot":{"x":815.3392944335938,"y":124.68605041503906,"z":1362.4263916015625},"rotation":{"x":0.09770634770393372,"y":0.023895829916000367,"z":-0.002342000138014555,"w":0.9949256181716919},"size":4281.0341796875,"orthographic":false}