{"cameraMode":{"drawMode":0,"name":"Shaded","section":"Shading Mode"},"sceneLighting":false,"audioPlay":false,"sceneViewState":{"showFog":true,"showMaterialUpdate":false,"showSkybox":true,"showFlares":true,"showImageEffects":true,"showParticleSystems":true},"in2DMode":false,"pivot":{"x":0.0000011920928955078126,"y":3.3138935565948488,"z":8.344650268554688e-7},"rotation":{"x":-0.41351747512817385,"y":-0.011463903822004795,"z":0.005206352565437555,"w":-0.910409152507782},"size":13.021452903747559,"orthographic":false}