{"cameraMode":{"drawMode":0,"name":"Shaded","section":"Shading Mode"},"sceneLighting":false,"audioPlay":false,"sceneViewState":{"showFog":true,"showMaterialUpdate":false,"showSkybox":true,"showFlares":true,"showImageEffects":true,"showParticleSystems":true},"in2DMode":false,"pivot":{"x":2.384185791015625e-7,"y":0.2769864797592163,"z":1.4901161193847657e-8},"rotation":{"x":0.2543400526046753,"y":-0.6147312521934509,"z":0.21905846893787385,"w":0.7137436866760254},"size":3.166658401489258,"orthographic":false}