{"cameraMode":{"drawMode":0,"name":"Shaded","section":"Shading Mode"},"sceneLighting":false,"audioPlay":false,"sceneViewState":{"showFog":true,"showMaterialUpdate":false,"showSkybox":true,"showFlares":true,"showImageEffects":true,"showParticleSystems":true},"in2DMode":false,"pivot":{"x":5.960464477539063e-7,"y":1.4487173557281495,"z":1.1920928955078126e-7},"rotation":{"x":-0.4559163749217987,"y":0.0008063245913945138,"z":-0.00041418548789806664,"w":-0.8900221586227417},"size":9.599625587463379,"orthographic":false}